-- phpMyAdmin SQL Dump
-- version 4.7.9
-- https://www.phpmyadmin.net/
--
-- Host: 127.0.0.1
-- Generation Time: 05-Jul-2018 às 03:34
-- Versão do servidor: 10.1.31-MariaDB
-- PHP Version: 7.2.3

SET SQL_MODE = "NO_AUTO_VALUE_ON_ZERO";
SET AUTOCOMMIT = 0;
START TRANSACTION;
SET time_zone = "+00:00";


/*!40101 SET @OLD_CHARACTER_SET_CLIENT=@@CHARACTER_SET_CLIENT */;
/*!40101 SET @OLD_CHARACTER_SET_RESULTS=@@CHARACTER_SET_RESULTS */;
/*!40101 SET @OLD_COLLATION_CONNECTION=@@COLLATION_CONNECTION */;
/*!40101 SET NAMES utf8mb4 */;

--
-- Database: `db_ecommerce`
--

DELIMITER $$
--
-- Procedures
--
CREATE DEFINER=`root`@`localhost` PROCEDURE `sp_categories_save` (`pidcategory` INT, `pdescategory` VARCHAR(64))  BEGIN
	
	IF pidcategory > 0 THEN
		
		UPDATE tb_categories
        SET descategory = pdescategory
        WHERE idcategory = pidcategory;
        
    ELSE
		
		INSERT INTO tb_categories (descategory) VALUES(pdescategory);
        
        SET pidcategory = LAST_INSERT_ID();
        
    END IF;
    
    SELECT * FROM tb_categories WHERE idcategory = pidcategory;
    
END$$

CREATE DEFINER=`root`@`localhost` PROCEDURE `sp_products_save` (`pidproduct` INT(11), `pdesproduct` VARCHAR(64), `pvlprice` DECIMAL(10,2), `pvlwidth` DECIMAL(10,2), `pvlheight` DECIMAL(10,2), `pvllength` DECIMAL(10,2), `pvlweight` DECIMAL(10,2), `pdesurl` VARCHAR(128))  BEGIN
	
	IF pidproduct > 0 THEN
		
		UPDATE tb_products
        SET 
			desproduct = pdesproduct,
            vlprice = pvlprice,
            vlwidth = pvlwidth,
            vlheight = pvlheight,
            vllength = pvllength,
            vlweight = pvlweight,
            desurl = pdesurl
        WHERE idproduct = pidproduct;
        
    ELSE
		
		INSERT INTO tb_products (desproduct, vlprice, vlwidth, vlheight, vllength, vlweight, desurl) 
        VALUES(pdesproduct, pvlprice, pvlwidth, pvlheight, pvllength, pvlweight, pdesurl);
        
        SET pidproduct = LAST_INSERT_ID();
        
    END IF;
    
    SELECT * FROM tb_products WHERE idproduct = pidproduct;
    
END$$

CREATE DEFINER=`root`@`localhost` PROCEDURE `sp_userspasswordsrecoveries_create` (`piduser` INT, `pdesip` VARCHAR(45))  BEGIN
	
	INSERT INTO tb_userspasswordsrecoveries (iduser, desip)
    VALUES(piduser, pdesip);
    
    SELECT * FROM tb_userspasswordsrecoveries
    WHERE idrecovery = LAST_INSERT_ID();
    
END$$

CREATE DEFINER=`root`@`localhost` PROCEDURE `sp_usersupdate_save` (`piduser` INT, `pdesperson` VARCHAR(64), `pdeslogin` VARCHAR(64), `pdespassword` VARCHAR(256), `pdesemail` VARCHAR(128), `pnrphone` BIGINT, `pinadmin` TINYINT)  BEGIN
	
    DECLARE vidperson INT;
    
	SELECT idperson INTO vidperson
    FROM tb_users
    WHERE iduser = piduser;
    
    UPDATE tb_persons
    SET 
		desperson = pdesperson,
        desemail = pdesemail,
        nrphone = pnrphone
	WHERE idperson = vidperson;
    
    UPDATE tb_users
    SET
		deslogin = pdeslogin,
        despassword = pdespassword,
        inadmin = pinadmin
	WHERE iduser = piduser;
    
    SELECT * FROM tb_users a INNER JOIN tb_persons b USING(idperson) WHERE a.iduser = piduser;
    
END$$

CREATE DEFINER=`root`@`localhost` PROCEDURE `sp_users_delete` (`piduser` INT)  BEGIN
	
    DECLARE vidperson INT;
    
	SELECT idperson INTO vidperson
    FROM tb_users
    WHERE iduser = piduser;
    
    DELETE FROM tb_users WHERE iduser = piduser;
    DELETE FROM tb_persons WHERE idperson = vidperson;
    
END$$

CREATE DEFINER=`root`@`localhost` PROCEDURE `sp_users_save` (`pdesperson` VARCHAR(64), `pdeslogin` VARCHAR(64), `pdespassword` VARCHAR(256), `pdesemail` VARCHAR(128), `pnrphone` BIGINT, `pinadmin` TINYINT)  BEGIN
	
    DECLARE vidperson INT;
    
	INSERT INTO tb_persons (desperson, desemail, nrphone)
    VALUES(pdesperson, pdesemail, pnrphone);
    
    SET vidperson = LAST_INSERT_ID();
    
    INSERT INTO tb_users (idperson, deslogin, despassword, inadmin)
    VALUES(vidperson, pdeslogin, pdespassword, pinadmin);
    
    SELECT * FROM tb_users a INNER JOIN tb_persons b USING(idperson) WHERE a.iduser = LAST_INSERT_ID();
    
END$$

DELIMITER ;

-- --------------------------------------------------------

--
-- Estrutura da tabela `tb_addresses`
--

CREATE TABLE `tb_addresses` (
  `idaddress` int(11) NOT NULL,
  `idperson` int(11) NOT NULL,
  `desaddress` varchar(128) NOT NULL,
  `descomplement` varchar(32) DEFAULT NULL,
  `descity` varchar(32) NOT NULL,
  `desstate` varchar(32) NOT NULL,
  `descountry` varchar(32) NOT NULL,
  `nrzipcode` int(11) NOT NULL,
  `dtregister` timestamp NOT NULL DEFAULT CURRENT_TIMESTAMP
) ENGINE=InnoDB DEFAULT CHARSET=utf8;

-- --------------------------------------------------------

--
-- Estrutura da tabela `tb_carts`
--

CREATE TABLE `tb_carts` (
  `idcart` int(11) NOT NULL,
  `dessessionid` varchar(64) NOT NULL,
  `iduser` int(11) DEFAULT NULL,
  `idaddress` int(11) DEFAULT NULL,
  `vlfreight` decimal(10,2) DEFAULT NULL,
  `dtregister` timestamp NOT NULL DEFAULT CURRENT_TIMESTAMP
) ENGINE=InnoDB DEFAULT CHARSET=utf8;

-- --------------------------------------------------------

--
-- Estrutura da tabela `tb_cartsproducts`
--

CREATE TABLE `tb_cartsproducts` (
  `idcartproduct` int(11) NOT NULL,
  `idcart` int(11) NOT NULL,
  `idproduct` int(11) NOT NULL,
  `dtremoved` datetime NOT NULL,
  `dtregister` timestamp NOT NULL DEFAULT CURRENT_TIMESTAMP
) ENGINE=InnoDB DEFAULT CHARSET=utf8;

-- --------------------------------------------------------

--
-- Estrutura da tabela `tb_categories`
--

CREATE TABLE `tb_categories` (
  `idcategory` int(11) NOT NULL,
  `descategory` varchar(32) NOT NULL,
  `dtregister` timestamp NOT NULL DEFAULT CURRENT_TIMESTAMP
) ENGINE=InnoDB DEFAULT CHARSET=utf8;

--
-- Extraindo dados da tabela `tb_categories`
--

INSERT INTO `tb_categories` (`idcategory`, `descategory`, `dtregister`) VALUES
(3, 'Bolos', '2018-06-09 23:53:49'),
(4, 'Doces', '2018-06-10 00:15:09'),
(5, 'Salgados', '2018-06-10 00:15:17');

-- --------------------------------------------------------

--
-- Estrutura da tabela `tb_orders`
--

CREATE TABLE `tb_orders` (
  `idorder` int(11) NOT NULL,
  `idcart` int(11) NOT NULL,
  `iduser` int(11) NOT NULL,
  `idstatus` int(11) NOT NULL,
  `vltotal` decimal(10,2) NOT NULL,
  `dtregister` timestamp NOT NULL DEFAULT CURRENT_TIMESTAMP
) ENGINE=InnoDB DEFAULT CHARSET=utf8;

-- --------------------------------------------------------

--
-- Estrutura da tabela `tb_ordersstatus`
--

CREATE TABLE `tb_ordersstatus` (
  `idstatus` int(11) NOT NULL,
  `desstatus` varchar(32) NOT NULL,
  `dtregister` timestamp NOT NULL DEFAULT CURRENT_TIMESTAMP
) ENGINE=InnoDB DEFAULT CHARSET=utf8;

--
-- Extraindo dados da tabela `tb_ordersstatus`
--

INSERT INTO `tb_ordersstatus` (`idstatus`, `desstatus`, `dtregister`) VALUES
(1, 'Em Aberto', '2017-03-13 03:00:00'),
(2, 'Aguardando Pagamento', '2017-03-13 03:00:00'),
(3, 'Pago', '2017-03-13 03:00:00'),
(4, 'Entregue', '2017-03-13 03:00:00');

-- --------------------------------------------------------

--
-- Estrutura da tabela `tb_persons`
--

CREATE TABLE `tb_persons` (
  `idperson` int(11) NOT NULL,
  `desperson` varchar(64) NOT NULL,
  `desemail` varchar(128) DEFAULT NULL,
  `nrphone` bigint(20) DEFAULT NULL,
  `dtregister` timestamp NOT NULL DEFAULT CURRENT_TIMESTAMP
) ENGINE=InnoDB DEFAULT CHARSET=utf8;

--
-- Extraindo dados da tabela `tb_persons`
--

INSERT INTO `tb_persons` (`idperson`, `desperson`, `desemail`, `nrphone`, `dtregister`) VALUES
(1, 'Administrador', 'admin@casadedonabrasilina.com.br', 2147483647, '2017-03-01 03:00:00'),
(7, 'Suporte', 'suporte@casadedonabrasilina.com.br', 1112345678, '2017-03-15 16:10:27'),
(9, 'Wellington', 'letovictalino@hotmail.com', 11912345678, '2018-05-05 19:07:59'),
(10, 'Wellington Sampaio', 'letovictalino@gmail.com', 11912345678, '2018-05-06 15:49:21');

-- --------------------------------------------------------

--
-- Estrutura da tabela `tb_products`
--

CREATE TABLE `tb_products` (
  `idproduct` int(11) NOT NULL,
  `desproduct` varchar(64) NOT NULL,
  `vlprice` decimal(10,2) NOT NULL,
  `vlwidth` decimal(10,2) NOT NULL,
  `vlheight` decimal(10,2) NOT NULL,
  `vllength` decimal(10,2) NOT NULL,
  `vlweight` decimal(10,2) NOT NULL,
  `desurl` varchar(128) NOT NULL,
  `dtregister` timestamp NOT NULL DEFAULT CURRENT_TIMESTAMP
) ENGINE=InnoDB DEFAULT CHARSET=utf8;

--
-- Extraindo dados da tabela `tb_products`
--

INSERT INTO `tb_products` (`idproduct`, `desproduct`, `vlprice`, `vlwidth`, `vlheight`, `vllength`, `vlweight`, `desurl`, `dtregister`) VALUES
(1, 'Smartphone Android 7.0', '999.95', '75.00', '151.00', '80.00', '167.00', 'smartphone-android-7.0', '2017-03-13 03:00:00'),
(2, 'SmartTV LED 4K', '3925.99', '917.00', '596.00', '288.00', '8600.00', 'smarttv-led-4k', '2017-03-13 03:00:00'),
(3, 'Notebook 14\" 4GB 1TB', '1949.99', '345.00', '23.00', '30.00', '2000.00', 'notebook-14-4gb-1tb', '2017-03-13 03:00:00'),
(4, 'Bolo de Chocolate4', '151.99', '0.74', '16.95', '24.50', '0.47', 'ipad-32gb', '2018-07-01 00:40:44'),
(7, 'Smartphone Motorola Moto G5 Plus', '1135.23', '15.20', '7.40', '0.70', '0.16', 'smartphone-motorola-moto-g5-plus', '2018-07-05 00:49:06'),
(8, 'Smartphone Moto Z Play', '1887.78', '14.10', '0.90', '1.16', '0.00', 'smartphone-moto-z-play', '2018-07-05 00:49:06'),
(9, 'Smartphone Samsung Galaxy J5 Pro', '1299.00', '14.60', '7.10', '0.80', '0.16', 'smartphone-samsung-galaxy-j5', '2018-07-05 00:49:06'),
(10, 'Smartphone Samsung Galaxy J7 Prime', '1149.00', '15.10', '7.50', '0.80', '0.16', 'smartphone-samsung-galaxy-j7', '2018-07-05 00:49:06'),
(11, 'Smartphone Samsung Galaxy J3 Dual', '679.90', '14.20', '7.10', '0.70', '0.14', 'smartphone-samsung-galaxy-j3', '2018-07-05 00:49:06');

-- --------------------------------------------------------

--
-- Estrutura da tabela `tb_productscategories`
--

CREATE TABLE `tb_productscategories` (
  `idcategory` int(11) NOT NULL,
  `idproduct` int(11) NOT NULL
) ENGINE=InnoDB DEFAULT CHARSET=utf8;

-- --------------------------------------------------------

--
-- Estrutura da tabela `tb_users`
--

CREATE TABLE `tb_users` (
  `iduser` int(11) NOT NULL,
  `idperson` int(11) NOT NULL,
  `deslogin` varchar(64) NOT NULL,
  `despassword` varchar(256) NOT NULL,
  `inadmin` tinyint(4) NOT NULL DEFAULT '0',
  `dtregister` timestamp NOT NULL DEFAULT CURRENT_TIMESTAMP
) ENGINE=InnoDB DEFAULT CHARSET=utf8;

--
-- Extraindo dados da tabela `tb_users`
--

INSERT INTO `tb_users` (`iduser`, `idperson`, `deslogin`, `despassword`, `inadmin`, `dtregister`) VALUES
(1, 1, 'admin', '$2y$12$YlooCyNvyTji8bPRcrfNfOKnVMmZA9ViM2A3IpFjmrpIbp5ovNmga', 1, '2017-03-13 03:00:00'),
(7, 7, 'suporte', '$2y$12$HFjgUm/mk1RzTy4ZkJaZBe0Mc/BA2hQyoUckvm.lFa6TesjtNpiMe', 1, '2017-03-15 16:10:27'),
(9, 9, 'wellington', '42062433', 1, '2018-05-05 19:07:59'),
(10, 10, 'well', '$2y$12$pkFjUZCn5iqpoWOksM6u7OZz5tx2a4ibWpr/GzWpvWxc/DfRtGvne', 1, '2018-05-06 15:49:21');

-- --------------------------------------------------------

--
-- Estrutura da tabela `tb_userslogs`
--

CREATE TABLE `tb_userslogs` (
  `idlog` int(11) NOT NULL,
  `iduser` int(11) NOT NULL,
  `deslog` varchar(128) NOT NULL,
  `desip` varchar(45) NOT NULL,
  `desuseragent` varchar(128) NOT NULL,
  `dessessionid` varchar(64) NOT NULL,
  `desurl` varchar(128) NOT NULL,
  `dtregister` timestamp NOT NULL DEFAULT CURRENT_TIMESTAMP
) ENGINE=InnoDB DEFAULT CHARSET=utf8;

-- --------------------------------------------------------

--
-- Estrutura da tabela `tb_userspasswordsrecoveries`
--

CREATE TABLE `tb_userspasswordsrecoveries` (
  `idrecovery` int(11) NOT NULL,
  `iduser` int(11) NOT NULL,
  `desip` varchar(45) NOT NULL,
  `dtrecovery` datetime DEFAULT NULL,
  `dtregister` timestamp NOT NULL DEFAULT CURRENT_TIMESTAMP
) ENGINE=InnoDB DEFAULT CHARSET=utf8;

--
-- Extraindo dados da tabela `tb_userspasswordsrecoveries`
--

INSERT INTO `tb_userspasswordsrecoveries` (`idrecovery`, `iduser`, `desip`, `dtrecovery`, `dtregister`) VALUES
(1, 7, '127.0.0.1', NULL, '2017-03-15 16:10:59'),
(2, 7, '127.0.0.1', '2017-03-15 13:33:45', '2017-03-15 16:11:18'),
(3, 7, '127.0.0.1', '2017-03-15 13:37:35', '2017-03-15 16:37:12'),
(4, 9, '127.0.0.1', NULL, '2018-05-05 19:11:12'),
(5, 9, '127.0.0.1', NULL, '2018-05-05 19:11:24'),
(6, 9, '127.0.0.1', NULL, '2018-05-05 19:14:23'),
(7, 9, '127.0.0.1', NULL, '2018-05-05 19:19:29'),
(8, 9, '127.0.0.1', NULL, '2018-05-05 19:21:11'),
(9, 9, '127.0.0.1', NULL, '2018-05-05 19:21:14'),
(10, 9, '127.0.0.1', NULL, '2018-05-05 19:35:32'),
(11, 9, '127.0.0.1', NULL, '2018-05-06 14:43:53'),
(12, 9, '127.0.0.1', NULL, '2018-05-06 14:45:33'),
(13, 9, '127.0.0.1', NULL, '2018-05-06 14:58:04'),
(14, 9, '127.0.0.1', NULL, '2018-05-06 15:19:01'),
(15, 9, '127.0.0.1', NULL, '2018-05-06 15:34:15'),
(16, 9, '127.0.0.1', NULL, '2018-05-06 15:36:34'),
(17, 9, '127.0.0.1', NULL, '2018-05-06 15:39:42'),
(18, 9, '127.0.0.1', NULL, '2018-05-06 15:42:27'),
(19, 9, '127.0.0.1', NULL, '2018-05-06 15:44:39'),
(20, 10, '127.0.0.1', NULL, '2018-05-06 15:50:25'),
(21, 10, '127.0.0.1', NULL, '2018-05-06 15:52:15'),
(22, 10, '127.0.0.1', NULL, '2018-05-06 16:09:55'),
(23, 10, '127.0.0.1', NULL, '2018-05-12 15:18:05'),
(24, 10, '127.0.0.1', NULL, '2018-05-12 15:30:07'),
(25, 10, '127.0.0.1', NULL, '2018-05-12 17:19:49'),
(26, 10, '127.0.0.1', NULL, '2018-05-12 17:29:26'),
(27, 10, '127.0.0.1', NULL, '2018-05-12 17:39:42'),
(28, 10, '127.0.0.1', NULL, '2018-05-12 19:36:23'),
(29, 10, '127.0.0.1', NULL, '2018-05-14 23:30:34'),
(30, 10, '127.0.0.1', NULL, '2018-05-14 23:30:52'),
(31, 10, '127.0.0.1', NULL, '2018-05-15 10:22:49'),
(32, 10, '127.0.0.1', NULL, '2018-05-18 02:58:43'),
(33, 10, '127.0.0.1', NULL, '2018-05-18 03:04:27');

--
-- Indexes for dumped tables
--

--
-- Indexes for table `tb_addresses`
--
ALTER TABLE `tb_addresses`
  ADD PRIMARY KEY (`idaddress`),
  ADD KEY `fk_addresses_persons_idx` (`idperson`);

--
-- Indexes for table `tb_carts`
--
ALTER TABLE `tb_carts`
  ADD PRIMARY KEY (`idcart`),
  ADD KEY `FK_carts_users_idx` (`iduser`),
  ADD KEY `fk_carts_addresses_idx` (`idaddress`);

--
-- Indexes for table `tb_cartsproducts`
--
ALTER TABLE `tb_cartsproducts`
  ADD PRIMARY KEY (`idcartproduct`),
  ADD KEY `FK_cartsproducts_carts_idx` (`idcart`),
  ADD KEY `FK_cartsproducts_products_idx` (`idproduct`);

--
-- Indexes for table `tb_categories`
--
ALTER TABLE `tb_categories`
  ADD PRIMARY KEY (`idcategory`);

--
-- Indexes for table `tb_orders`
--
ALTER TABLE `tb_orders`
  ADD PRIMARY KEY (`idorder`),
  ADD KEY `FK_orders_carts_idx` (`idcart`),
  ADD KEY `FK_orders_users_idx` (`iduser`),
  ADD KEY `fk_orders_ordersstatus_idx` (`idstatus`);

--
-- Indexes for table `tb_ordersstatus`
--
ALTER TABLE `tb_ordersstatus`
  ADD PRIMARY KEY (`idstatus`);

--
-- Indexes for table `tb_persons`
--
ALTER TABLE `tb_persons`
  ADD PRIMARY KEY (`idperson`);

--
-- Indexes for table `tb_products`
--
ALTER TABLE `tb_products`
  ADD PRIMARY KEY (`idproduct`);

--
-- Indexes for table `tb_productscategories`
--
ALTER TABLE `tb_productscategories`
  ADD PRIMARY KEY (`idcategory`,`idproduct`),
  ADD KEY `fk_productscategories_products_idx` (`idproduct`);

--
-- Indexes for table `tb_users`
--
ALTER TABLE `tb_users`
  ADD PRIMARY KEY (`iduser`),
  ADD KEY `FK_users_persons_idx` (`idperson`);

--
-- Indexes for table `tb_userslogs`
--
ALTER TABLE `tb_userslogs`
  ADD PRIMARY KEY (`idlog`),
  ADD KEY `fk_userslogs_users_idx` (`iduser`);

--
-- Indexes for table `tb_userspasswordsrecoveries`
--
ALTER TABLE `tb_userspasswordsrecoveries`
  ADD PRIMARY KEY (`idrecovery`),
  ADD KEY `fk_userspasswordsrecoveries_users_idx` (`iduser`);

--
-- AUTO_INCREMENT for dumped tables
--

--
-- AUTO_INCREMENT for table `tb_addresses`
--
ALTER TABLE `tb_addresses`
  MODIFY `idaddress` int(11) NOT NULL AUTO_INCREMENT;

--
-- AUTO_INCREMENT for table `tb_cartsproducts`
--
ALTER TABLE `tb_cartsproducts`
  MODIFY `idcartproduct` int(11) NOT NULL AUTO_INCREMENT;

--
-- AUTO_INCREMENT for table `tb_categories`
--
ALTER TABLE `tb_categories`
  MODIFY `idcategory` int(11) NOT NULL AUTO_INCREMENT, AUTO_INCREMENT=6;

--
-- AUTO_INCREMENT for table `tb_orders`
--
ALTER TABLE `tb_orders`
  MODIFY `idorder` int(11) NOT NULL AUTO_INCREMENT;

--
-- AUTO_INCREMENT for table `tb_ordersstatus`
--
ALTER TABLE `tb_ordersstatus`
  MODIFY `idstatus` int(11) NOT NULL AUTO_INCREMENT, AUTO_INCREMENT=5;

--
-- AUTO_INCREMENT for table `tb_persons`
--
ALTER TABLE `tb_persons`
  MODIFY `idperson` int(11) NOT NULL AUTO_INCREMENT, AUTO_INCREMENT=11;

--
-- AUTO_INCREMENT for table `tb_products`
--
ALTER TABLE `tb_products`
  MODIFY `idproduct` int(11) NOT NULL AUTO_INCREMENT, AUTO_INCREMENT=12;

--
-- AUTO_INCREMENT for table `tb_users`
--
ALTER TABLE `tb_users`
  MODIFY `iduser` int(11) NOT NULL AUTO_INCREMENT, AUTO_INCREMENT=11;

--
-- AUTO_INCREMENT for table `tb_userslogs`
--
ALTER TABLE `tb_userslogs`
  MODIFY `idlog` int(11) NOT NULL AUTO_INCREMENT;

--
-- AUTO_INCREMENT for table `tb_userspasswordsrecoveries`
--
ALTER TABLE `tb_userspasswordsrecoveries`
  MODIFY `idrecovery` int(11) NOT NULL AUTO_INCREMENT, AUTO_INCREMENT=34;

--
-- Constraints for dumped tables
--

--
-- Limitadores para a tabela `tb_addresses`
--
ALTER TABLE `tb_addresses`
  ADD CONSTRAINT `fk_addresses_persons` FOREIGN KEY (`idperson`) REFERENCES `tb_persons` (`idperson`) ON DELETE NO ACTION ON UPDATE NO ACTION;

--
-- Limitadores para a tabela `tb_carts`
--
ALTER TABLE `tb_carts`
  ADD CONSTRAINT `fk_carts_addresses` FOREIGN KEY (`idaddress`) REFERENCES `tb_addresses` (`idaddress`) ON DELETE NO ACTION ON UPDATE NO ACTION,
  ADD CONSTRAINT `fk_carts_users` FOREIGN KEY (`iduser`) REFERENCES `tb_users` (`iduser`) ON DELETE NO ACTION ON UPDATE NO ACTION;

--
-- Limitadores para a tabela `tb_cartsproducts`
--
ALTER TABLE `tb_cartsproducts`
  ADD CONSTRAINT `fk_cartsproducts_carts` FOREIGN KEY (`idcart`) REFERENCES `tb_carts` (`idcart`) ON DELETE NO ACTION ON UPDATE NO ACTION,
  ADD CONSTRAINT `fk_cartsproducts_products` FOREIGN KEY (`idproduct`) REFERENCES `tb_products` (`idproduct`) ON DELETE NO ACTION ON UPDATE NO ACTION;

--
-- Limitadores para a tabela `tb_orders`
--
ALTER TABLE `tb_orders`
  ADD CONSTRAINT `fk_orders_carts` FOREIGN KEY (`idcart`) REFERENCES `tb_carts` (`idcart`) ON DELETE NO ACTION ON UPDATE NO ACTION,
  ADD CONSTRAINT `fk_orders_ordersstatus` FOREIGN KEY (`idstatus`) REFERENCES `tb_ordersstatus` (`idstatus`) ON DELETE NO ACTION ON UPDATE NO ACTION,
  ADD CONSTRAINT `fk_orders_users` FOREIGN KEY (`iduser`) REFERENCES `tb_users` (`iduser`) ON DELETE NO ACTION ON UPDATE NO ACTION;

--
-- Limitadores para a tabela `tb_productscategories`
--
ALTER TABLE `tb_productscategories`
  ADD CONSTRAINT `fk_productscategories_categories` FOREIGN KEY (`idcategory`) REFERENCES `tb_categories` (`idcategory`) ON DELETE NO ACTION ON UPDATE NO ACTION,
  ADD CONSTRAINT `fk_productscategories_products` FOREIGN KEY (`idproduct`) REFERENCES `tb_products` (`idproduct`) ON DELETE NO ACTION ON UPDATE NO ACTION;

--
-- Limitadores para a tabela `tb_users`
--
ALTER TABLE `tb_users`
  ADD CONSTRAINT `fk_users_persons` FOREIGN KEY (`idperson`) REFERENCES `tb_persons` (`idperson`) ON DELETE NO ACTION ON UPDATE NO ACTION;

--
-- Limitadores para a tabela `tb_userslogs`
--
ALTER TABLE `tb_userslogs`
  ADD CONSTRAINT `fk_userslogs_users` FOREIGN KEY (`iduser`) REFERENCES `tb_users` (`iduser`) ON DELETE NO ACTION ON UPDATE NO ACTION;

--
-- Limitadores para a tabela `tb_userspasswordsrecoveries`
--
ALTER TABLE `tb_userspasswordsrecoveries`
  ADD CONSTRAINT `fk_userspasswordsrecoveries_users` FOREIGN KEY (`iduser`) REFERENCES `tb_users` (`iduser`) ON DELETE NO ACTION ON UPDATE NO ACTION;
COMMIT;

/*!40101 SET CHARACTER_SET_CLIENT=@OLD_CHARACTER_SET_CLIENT */;
/*!40101 SET CHARACTER_SET_RESULTS=@OLD_CHARACTER_SET_RESULTS */;
/*!40101 SET COLLATION_CONNECTION=@OLD_COLLATION_CONNECTION */;
